1,pink_primrose
2,hard_leaved_pocket_orchid
3,canterbury_bells
4,sweet_pea
5,english_marigold
6,tiger_lily
7,moon_orchid
8,bird_of_paradise
9,monkshood
10,globe_thistle
11,snapdragon
12,colts_foot
13,king_protea
14,spear_thistle
15,yellow_iris
16,globe_flower
17,purple_coneflower
18,peruvian_lily
19,balloon_flower
20,giant_white_arum_lily
21,fire_lily
22,pincushion_flower
23,fritillary
24,red_ginger
25,grape_hyacinth
26,corn_poppy
27,prince_of_wales_feathers
28,stemless_gentian
29,artichoke
30,sweet_william
31,carnation
32,garden_phlox
33,love_in_the_mist
34,mexican_aster
35,alpine_sea_holly
36,ruby_lipped_cattleya
37,cape_flower
38,great_masterwort
39,siam_tulip
40,lenten_rose
41,barbeton_daisy
42,daffodil
43,sword_lily
44,poinsettia
45,bolero_deep_blue
46,wallflower
47,marigold
48,buttercup
49,oxeye_daisy
50,common_dandelion
51,petunia
52,wild_pansy
53,primula
54,sunflower
55,pelargonium
56,bishop_of_llandaff
57,gaura
58,geranium
59,orange_dahlia
60,pink_yellow_dahlia?
61,cautleya_spicata
62,japanese_anemone
63,black_eyed_susan
64,silverbush
65,californian_poppy
66,osteospermum
67,spring_crocus
68,bearded_iris
69,windflower
70,tree_poppy
71,gazania
72,azalea
73,water_lily
74,rose
75,thorn_apple
76,morning_glory
77,passion_flower
78,lotus
79,toad_lily
80,anthurium
81,frangipani
82,clematis
83,hibiscus
84,columbine
85,desert_rose
86,tree_mallow
87,magnolia
88,cyclamen
89,watercress
90,canna_lily
91,hippeastrum
92,bee_balm
93,ball_moss
94,foxglove
95,bougainvillea
96,camellia
97,mallow
98,mexican_petunia
99,bromelia
100,blanket_flower
101,trumpet_creeper
102,blackberry_lily
